t_hours,alt_truth,alt_mean,alt_recon,sp_correction,recon_error_m
0.000000,492.985400,494.642940,493.598086,-1.044854,-612.685992
0.013163,492.994027,494.443718,493.604229,-0.839490,-610.201179
0.026325,493.020455,494.258086,493.621346,-0.636740,-600.891681
0.039488,493.065452,494.086559,493.650237,-0.436321,-584.784711
0.052651,493.129720,493.929611,493.691831,-0.237780,-562.110819
0.065813,493.213875,493.787679,493.747178,-0.040501,-533.303211
0.078976,493.318442,493.661156,493.817429,0.156273,-498.987505
0.092139,493.443843,493.550395,493.903802,0.353408,-459.959670
0.105302,493.590389,493.455702,494.007540,0.551838,-417.150986
0.118464,493.758272,493.377341,494.129852,0.752511,-371.580581
0.131627,493.947558,493.315530,494.271856,0.956326,-324.298070
0.144790,494.158180,493.270441,494.434501,1.164060,-276.320817
0.157952,494.389937,493.242201,494.618509,1.376307,-228.571833
0.171115,494.642485,493.230889,494.824310,1.593421,-181.825001
0.184278,494.915338,493.236537,495.052002,1.815466,-136.664050
0.197440,495.207870,493.259130,495.301331,2.042201,-93.460350
0.210603,495.519310,493.298607,495.571682,2.273075,-52.372479
0.223766,495.848745,493.354861,495.862113,2.507252,-13.367877
0.236929,496.195128,493.427735,496.171392,2.743657,23.735843
0.250091,496.557275,493.517030,496.498061,2.981031,59.214707
0.263254,496.933879,493.622499,496.840505,3.218006,93.373868
0.276417,497.323508,493.743851,497.197026,3.453175,126.482185
0.289579,497.724623,493.880751,497.565909,3.685158,158.713304
0.302742,498.135578,494.032821,497.945478,3.912657,190.099774
0.315905,498.554636,494.199641,498.334131,4.134490,220.505242
0.329067,498.979982,494.380751,498.730364,4.349614,249.617755
0.342230,499.409729,494.575649,499.132763,4.557115,276.965081
0.355393,499.841934,494.783797,499.539983,4.756186,301.950716
0.368556,500.274615,495.004621,499.950708,4.946087,323.907349
0.381718,500.705761,495.237510,500.363598,5.126088,342.162816
0.394881,501.133346,495.481822,500.777233,5.295411,356.112456
0.408044,501.555346,495.736880,501.190055,5.453175,365.291037
0.421206,501.969754,496.001981,501.600317,5.598336,369.437320
0.434369,502.374595,496.276393,502.006050,5.729657,368.544775
0.447532,502.767937,496.559358,502.405044,5.845686,362.893016
0.460694,503.147909,496.850095,502.794853,5.944759,353.056059
0.473857,503.512715,497.147801,503.172829,6.025029,339.885569
0.487020,503.860644,497.451654,503.536174,6.084520,324.469538
0.500183,504.190085,497.760818,503.882016,6.121198,308.069282
0.513345,504.499539,498.074437,504.207499,6.133062,292.039917
0.526508,504.787629,498.391648,504.509887,6.118239,277.741294
0.539671,505.053107,498.711577,504.786659,6.075083,266.447498
0.552833,505.294867,499.033339,505.035604,6.002264,259.263198
0.565996,505.511949,499.356050,505.254894,5.898844,257.054329
0.579159,505.703546,499.678819,505.443147,5.764327,260.398757
0.592321,505.869008,500.000758,505.599448,5.598690,269.560096
0.605484,506.007846,500.320979,505.723361,5.402382,284.484985
0.618647,506.119733,500.638601,505.814912,5.176311,304.821405
0.631810,506.204504,500.952749,505.874551,4.921802,329.953520
0.644972,506.262156,501.262558,505.903108,4.640551,359.047299
0.658135,506.292843,501.567175,505.901742,4.334566,391.101090
0.671298,506.296875,501.865764,505.871879,4.006116,424.996164
0.684460,506.274712,502.157501,505.815168,3.657668,459.543827
0.697623,506.226956,502.441584,505.733429,3.291845,493.527546
0.710786,506.154346,502.717233,505.628605,2.911373,525.740205
0.723948,506.057744,502.983688,505.502726,2.519038,555.017772
0.737111,505.938134,503.240218,505.357862,2.117644,580.271090
0.750274,505.796602,503.486118,505.196085,1.709967,600.517210
0.763436,505.634333,503.720711,505.019422,1.298711,614.910825
0.776599,505.452593,503.943353,504.829817,0.886465,622.775234
0.789762,505.252718,504.153431,504.629087,0.475656,623.631114
0.802925,505.036104,504.350369,504.418884,0.068515,617.220533
0.816087,504.804191,504.533625,504.200668,-0.332956,603.523257
0.829250,504.558451,504.702695,503.975688,-0.727007,582.762560
0.842413,504.300373,504.857115,503.744974,-1.112141,555.398382
0.855575,504.031452,504.996461,503.509345,-1.487116,522.106780
0.868738,503.753178,505.120349,503.269432,-1.850917,483.745858
0.881901,503.467018,505.228439,503.025709,-2.202730,441.309741
0.895063,503.174411,505.320433,502.778538,-2.541895,395.873411
0.908226,502.876751,505.396078,502.528219,-2.867859,348.532198
0.921389,502.575382,505.455165,502.275041,-3.180124,300.340425
0.934552,502.271582,505.497533,502.019328,-3.478204,252.253934
0.947714,501.966563,505.523062,501.761482,-3.761580,205.081120
0.960877,501.661456,505.531683,501.502009,-4.029674,159.446516
0.974040,501.357307,505.523370,501.241537,-4.281833,115.770113
0.987202,501.055076,505.498146,500.980811,-4.517334,74.264337
1.000365,500.755624,505.456078,500.720675,-4.735402,34.949195
1.013528,500.459721,505.397280,500.462037,-4.935244,-2.315490
1.026690,500.168035,505.321913,500.205818,-5.116095,-37.783476
1.039853,499.881136,505.230182,499.952901,-5.277281,-71.765353
1.053016,499.599498,505.122338,499.704065,-5.418273,-104.567129
1.066179,499.323499,504.998674,499.459929,-5.538745,-136.430457
1.079341,499.053423,504.859530,499.220905,-5.638626,-167.481027
1.092504,498.789470,504.705286,498.987161,-5.718124,-197.691188
1.105667,498.531754,504.536363,498.758616,-5.777747,-226.861562
1.118829,498.280314,504.353224,498.534938,-5.818286,-254.624524
1.131992,498.035119,504.156371,498.315589,-5.840782,-280.469951
1.145155,497.796079,503.946343,498.099870,-5.846473,-303.791002
1.158317,497.563051,503.723716,497.886996,-5.836719,-323.945204
1.171480,497.335847,503.489098,497.676172,-5.812927,-340.324205
1.184643,497.114249,503.243135,497.466673,-5.776462,-352.424428
1.197806,496.898011,502.986501,497.257922,-5.728579,-359.910845
1.210968,496.686876,502.719899,497.049543,-5.670355,-362.666979
1.224131,496.480585,502.444062,496.841411,-5.602650,-360.826091
1.237294,496.278883,502.159746,496.633664,-5.526082,-354.780781
1.250456,496.081533,501.867734,496.426704,-5.441030,-345.170724
1.263619,495.888323,501.568826,496.221173,-5.347653,-332.850520
1.276782,495.699076,501.263845,496.017918,-5.245927,-318.841366
1.289944,495.513661,500.953629,495.817933,-5.135697,-304.271376
1.303107,495.331995,500.639032,495.622305,-5.016727,-290.309804
1.316270,495.154055,500.320918,495.432155,-4.888763,-278.100232
1.329433,494.979880,500.000163,495.248577,-4.751586,-268.697239
1.342595,494.809580,499.677650,495.072590,-4.605060,-263.010235
1.355758,494.643337,499.354268,494.905095,-4.449174,-261.757226
1.368921,494.481410,499.030908,494.746840,-4.284068,-265.430442
1.382083,494.324132,498.708460,494.598407,-4.110053,-274.274909
1.395246,494.171917,498.387813,494.460197,-3.927616,-288.280336
1.408409,494.025254,498.069852,494.332440,-3.737412,-307.186007
1.421571,493.884708,497.755454,494.215205,-3.540249,-330.497693
1.434734,493.750912,497.445487,494.108427,-3.337060,-357.514995
1.447897,493.624570,497.140807,494.011937,-3.128869,-387.366952
1.461059,493.506445,496.842254,493.925499,-2.916755,-419.053382
1.474222,493.397354,496.550653,493.848843,-2.701810,-451.489133
1.487385,493.298160,496.266811,493.781709,-2.485102,-483.548557
1.500548,493.209767,495.991512,493.723874,-2.267638,-514.107782
1.513710,493.133102,495.725518,493.675185,-2.050332,-542.083030
1.526873,493.069115,495.469563,493.635579,-1.833984,-566.463931
1.540036,493.018760,495.224357,493.605102,-1.619255,-586.341659
1.553198,492.982988,494.990578,493.583921,-1.406657,-600.932392
1.566361,492.962734,494.768874,493.572331,-1.196543,-609.597025
1.579524,492.958903,494.559858,493.570761,-0.989096,-611.858139
1.592686,492.972363,494.364109,493.579778,-0.784331,-607.414870
1.605849,493.003930,494.182171,493.600085,-0.582086,-596.155575
1.619012,493.054354,494.014548,493.632521,-0.382027,-578.167307
1.632175,493.124313,493.861704,493.678053,-0.183651,-553.740189
1.645337,493.214398,493.724064,493.737762,0.013698,-523.364171
1.658500,493.325105,493.602010,493.812821,0.210811,-487.715578
1.671663,493.456825,493.495881,493.904456,0.408575,-447.631463
1.684825,493.609834,493.405972,494.013905,0.607933,-404.071028
1.697988,493.784287,493.332533,494.142352,0.809819,-358.065206
1.711151,493.980211,493.275768,494.290868,1.015101,-310.657510
1.724313,494.197500,493.235836,494.460341,1.224505,-262.841101
1.737476,494.435909,493.212848,494.651408,1.438560,-215.498355
1.750639,494.695053,493.206870,494.864403,1.657533,-169.349605
1.763802,494.974404,493.217918,495.099321,1.881403,-124.917156
1.776964,495.273289,493.245964,495.355798,2.109834,-82.509123
1.790127,495.590895,493.290931,495.633121,2.342190,-42.225295
1.803290,495.926268,493.352695,495.930253,2.577558,-3.984589
1.816452,496.278318,493.431086,496.245889,2.814802,32.429039
1.829615,496.645821,493.525889,496.578513,3.052624,67.307552
1.842778,497.027430,493.636842,496.926477,3.289635,100.953510
1.855940,497.421679,493.763638,497.288063,3.524426,133.615952
1.869103,497.826993,493.905928,497.661559,3.755631,165.434679
1.882266,498.241697,494.063318,498.045297,3.981980,196.399112
1.895429,498.664025,494.235374,498.437698,4.202325,226.326212
1.908591,499.092135,494.421620,498.837275,4.415655,254.859911
1.921754,499.524122,494.621542,499.242629,4.621087,281.492324
1.934917,499.958025,494.834588,499.652420,4.817832,305.604872
1.948079,500.391848,495.060169,500.065322,5.005154,326.525561
1.961242,500.823570,495.297661,500.479973,5.182312,343.597118
1.974405,501.251162,495.546409,500.894912,5.348503,356.249646
1.987567,501.672598,495.805726,501.308527,5.502801,364.070906
2.000730,502.085876,496.074896,501.719009,5.644113,366.867386
2.013893,502.489026,496.353175,502.124316,5.771142,364.709918
2.027056,502.880130,496.639794,502.522172,5.882377,357.958826
2.040218,503.257334,496.933964,502.910068,5.976105,347.265254
2.053381,503.618859,497.234871,503.285311,6.050441,333.547450
2.066544,503.963019,497.541685,503.645076,6.103391,317.943157
2.079706,504.288232,497.853561,503.986490,6.132930,301.741641
2.092869,504.593027,498.169637,504.306726,6.137090,286.301056
2.106032,504.876061,498.489041,504.603103,6.114061,272.958515
2.119194,505.136123,498.810894,504.873182,6.062287,262.941075
2.132357,505.372143,499.134308,505.114858,5.980550,257.285773
2.145520,505.583204,499.458391,505.326428,5.868037,256.775745
2.158682,505.768539,499.782251,505.506642,5.724391,261.897414
2.171845,505.927542,500.104995,505.654720,5.549725,272.821123
2.185008,506.059766,500.425734,505.770361,5.344627,289.404728
2.198171,506.164929,500.743586,505.853712,5.110127,311.217074
2.211333,506.242910,501.057674,505.905334,4.847660,337.576420
2.224496,506.293749,501.367134,505.926151,4.559017,367.597949
2.237659,506.317643,501.671116,505.917398,4.246283,400.244697
2.250821,506.314943,501.968781,505.880566,3.911785,434.377318
2.263984,506.286149,502.259312,505.817350,3.558037,468.799782
2.277147,506.231901,502.541909,505.729601,3.187692,502.299959
2.290309,506.152972,502.815796,505.619286,2.803490,533.685556
2.303472,506.050259,503.080218,505.488442,2.408224,561.816903
2.316635,505.924774,503.334450,505.339136,2.004686,585.638258
2.329798,505.777633,503.577791,505.173424,1.595633,604.208873
2.342960,505.610043,503.809574,504.993309,1.183734,616.734104
2.356123,505.423290,504.029162,504.800694,0.771533,622.595655
2.369286,505.218729,504.235950,504.597350,0.361400,621.379009
2.382448,504.997768,504.429371,504.384873,-0.044498,612.895345
2.395611,504.761857,504.608892,504.164662,-0.444230,597.194994
2.408774,504.512474,504.774022,503.937905,-0.836117,574.569806
2.421936,504.251112,504.924305,503.705569,-1.218736,545.542544
2.435099,503.979264,505.059329,503.468422,-1.590907,510.842572
2.448262,503.698416,505.178723,503.227047,-1.951675,471.368417
2.461425,503.410027,505.282157,502.981888,-2.300269,428.139102
2.474587,503.115526,505.369348,502.733288,-2.636060,382.237360
2.487750,502.816293,505.440056,502.481544,-2.958512,334.748719
2.500913,502.513655,505.494085,502.226954,-3.267131,286.701040
2.514075,502.208874,505.531287,501.969865,-3.561422,239.009240
2.527238,501.903139,505.551558,501.710710,-3.840848,192.429654
2.540401,501.597560,505.554842,501.450032,-4.104810,147.527890
2.553563,501.293160,505.541128,501.188497,-4.352631,104.662999
2.566726,500.990871,505.510454,500.926882,-4.583572,63.989522
2.579889,500.691532,505.462901,500.666054,-4.796847,25.477502
2.593052,500.395884,505.398600,500.406935,-4.991665,-11.051089
2.606214,500.104570,505.317726,500.150442,-5.167283,-45.872626
2.619377,499.818135,505.220498,499.897438,-5.323060,-79.303402
2.632540,499.537027,505.107184,499.648665,-5.458519,-111.638223
2.645702,499.261599,504.978091,499.404692,-5.573399,-143.092441
2.658865,498.992115,504.833574,499.165869,-5.667705,-173.753867
2.672028,498.728750,504.674027,498.932301,-5.741726,-203.550308
2.685190,498.471601,504.499887,498.703838,-5.796049,-232.237041
2.698353,498.220688,504.311631,498.480094,-5.831536,-259.406431
2.711516,497.975967,504.109774,498.260486,-5.849288,-284.519386
2.724679,497.737334,503.894869,498.044290,-5.850580,-306.955708
2.737841,497.504636,503.667506,497.830714,-5.836792,-326.078047
2.751004,497.277680,503.428308,497.618982,-5.809326,-341.302435
2.764167,497.056241,503.177930,497.408408,-5.769521,-352.167576
2.777329,496.840074,502.917059,497.198470,-5.718589,-358.395261
2.790492,496.628925,502.646412,496.988861,-5.657551,-359.935490
2.803655,496.422538,502.366731,496.779530,-5.587201,-356.991841
2.816817,496.220666,502.078783,496.570691,-5.508093,-350.025001
2.829980,496.023082,501.783361,496.362817,-5.420544,-339.734833
2.843143,495.829589,501.481276,496.156613,-5.324663,-327.023456
2.856306,495.640026,501.173358,495.952969,-5.220388,-312.943429
2.869468,495.454278,500.860453,495.752914,-5.107540,-298.636017
2.882631,495.272283,500.543423,495.557547,-4.985876,-285.264789
2.895794,495.094039,500.223140,495.367988,-4.855152,-273.949495
2.908956,494.919610,499.900485,495.185315,-4.715170,-265.704520
2.922119,494.749131,499.576347,495.010516,-4.565831,-261.385358
2.935282,494.582807,499.251618,494.844453,-4.407165,-261.645643
2.948444,494.420924,498.927193,494.687831,-4.239362,-266.906409
2.961607,494.263843,498.603967,494.541181,-4.062786,-277.338486
2.974770,494.112001,498.282830,494.404859,-3.877971,-292.858171
2.987932,493.965913,497.964669,494.279049,-3.685620,-313.135695
3.001095,493.826168,497.650360,494.163783,-3.486577,-337.615286
3.014258,493.693424,497.340773,494.058969,-3.281804,-365.545097
3.027421,493.568403,497.036760,493.964418,-3.072342,-396.014684
3.040583,493.451889,496.739163,493.879887,-2.859276,-427.997409
3.053746,493.344716,496.448803,493.805111,-2.643692,-460.394953
3.066909,493.247762,496.166483,493.739843,-2.426640,-492.081313
3.080071,493.161940,495.892983,493.683884,-2.209100,-521.944017
3.093234,493.088187,495.629060,493.637108,-1.991952,-548.920997
3.106397,493.027459,495.375444,493.599491,-1.775953,-572.032332
3.119559,492.980709,495.132837,493.571116,-1.561720,-590.406884
3.132722,492.948889,494.901909,493.552193,-1.349716,-603.304470
3.145885,492.932925,494.683302,493.543060,-1.140243,-610.134577
3.159048,492.933717,494.477621,493.544189,-0.933431,-610.472544
3.172210,492.952117,494.285434,493.556190,-0.729244,-604.073679
3.185373,492.988924,494.107276,493.579809,-0.527467,-590.884986
3.198536,493.044871,493.943640,493.615924,-0.327716,-571.053248
3.211698,493.120609,493.794980,493.665537,-0.129444,-544.927359
3.224861,493.216705,493.661709,493.729758,0.068048,-513.052345
3.238024,493.333624,493.544197,493.809777,0.265580,-476.152590
3.251186,493.471724,493.442770,493.906827,0.464057,-435.102579
3.264349,493.631246,493.357710,494.022131,0.664421,-390.884921
3.277512,493.812309,493.289254,494.156846,0.867592,-344.537269
3.290675,494.014900,493.237592,494.311991,1.074399,-297.091793
3.303837,494.238871,493.202870,494.488384,1.285514,-249.512577
3.317000,494.483936,493.185183,494.686573,1.501391,-202.637371
3.330163,494.749667,493.184582,494.906797,1.722215,-157.130309
3.343325,495.035491,493.201070,495.148942,1.947872,-113.451288
3.356488,495.340693,493.234603,495.412539,2.177937,-71.845963
3.369651,495.664418,493.285088,495.696775,2.411687,-32.357828
3.382813,496.005667,493.352387,496.000528,2.648141,5.138832
3.395976,496.363309,493.436314,496.322420,2.886106,40.888886
3.409139,496.736081,493.536639,496.660886,3.124248,75.195021
3.422302,497.122599,493.653083,497.014247,3.361163,108.352205
3.435464,497.521360,493.785326,497.380774,3.595448,140.585420
3.448627,497.930755,493.933003,497.758757,3.825754,171.997612
3.461790,498.349079,494.095706,498.146545,4.050839,202.533606
3.474952,498.774540,494.272985,498.542576,4.269591,231.963899
3.488115,499.205273,494.464351,498.945383,4.481032,259.890197
3.501278,499.639350,494.669274,499.353578,4.684304,285.772336
3.514440,500.074796,494.887189,499.765822,4.878634,308.974187
3.527603,500.509603,495.117493,500.180779,5.063286,328.824311
3.540766,500.941741,495.359551,500.597055,5.237505,344.685765
3.553929,501.369177,495.612693,501.013149,5.400455,356.028518
3.567091,501.789887,495.876222,501.427390,5.551168,362.497560
3.580254,502.201873,496.149407,501.837903,5.688495,363.970005
3.593417,502.603173,496.431497,502.242578,5.811081,360.595264
3.606579,502.991883,496.721710,502.639070,5.917359,352.813682
3.619742,503.366166,497.019248,503.024815,6.005568,341.350882
3.632905,503.724265,497.323287,503.397078,6.073791,327.187248
3.646067,504.064518,497.632990,503.753014,6.120024,311.504355
3.659230,504.385370,497.947502,504.089758,6.142256,295.612511
3.672393,504.685384,498.265955,504.404518,6.138564,280.865640
3.685555,504.963248,498.587471,504.694677,6.107207,268.571138
3.698718,505.217790,498.911163,504.957887,6.046724,259.902985
3.711881,505.447979,499.236140,505.192153,5.956013,255.826003
3.725044,505.652937,499.561506,505.395899,5.834393,257.037760
3.738206,505.831940,499.886364,505.568007,5.681643,263.932427
3.751369,505.984425,500.209820,505.707837,5.498017,276.588133
3.764532,506.109990,500.530981,505.815213,5.284232,294.776590
3.777694,506.208395,500.848965,505.890404,5.041439,317.991299
3.790857,506.279564,501.162896,505.934075,4.771179,345.489077
3.804020,506.323580,501.471909,505.947241,4.475332,376.338988
3.817182,506.340683,501.775155,505.931210,4.156055,409.473266
3.830345,506.331264,502.071798,505.887528,3.815730,443.736070
3.843508,506.295862,502.361023,505.817935,3.456911,477.927685
3.856671,506.235155,502.642035,505.724311,3.082276,510.843577
3.869833,506.149950,502.914061,505.608641,2.694580,541.309134
3.882996,506.041177,503.176352,505.472966,2.296614,568.211659
3.896159,505.909878,503.428188,505.319347,1.891159,590.531281
3.909321,505.757194,503.668876,505.149822,1.480946,607.371759
3.922484,505.584354,503.897755,504.966363,1.068608,617.991174
3.935647,505.392667,504.114196,504.770835,0.656639,621.831323
3.948809,505.183501,504.317605,504.564957,0.247352,618.543607
3.961972,504.958277,504.507421,504.350269,-0.157153,608.008657
3.975135,504.718455,504.683124,504.128109,-0.555016,590.346778
3.988298,504.465518,504.844231,503.899601,-0.944630,565.916775
4.001460,504.200958,504.990298,503.665657,-1.324641,535.301571
4.014623,503.926270,505.120925,503.426990,-1.693935,499.280235
4.027786,503.642933,505.235752,503.184145,-2.051606,458.787358
4.040948,503.352397,505.334463,502.937535,-2.396928,414.862021
4.054111,503.056081,505.416787,502.687491,-2.729296,368.589706
4.067274,502.755349,505.482497,502.434308,-3.048189,321.041339
4.080436,502.451513,505.531412,502.178299,-3.353112,273.214085
4.093599,502.145815,505.563396,501.919836,-3.643560,225.978579
4.106762,501.839423,505.578361,501.659386,-3.918975,180.036898
4.119925,501.533424,505.576265,501.397529,-4.178737,135.894850
4.133087,501.228816,505.557113,501.134965,-4.422148,93.851082
4.146250,500.926509,505.520955,500.872504,-4.648451,54.004165
4.159413,500.627313,505.467891,500.611035,-4.856855,16.277304
4.172575,500.331944,505.398063,500.351485,-5.046578,-19.541312
4.185738,500.041019,505.311663,500.094765,-5.216898,-53.746037
4.198901,499.755058,505.208926,499.841712,-5.367214,-86.654112
4.212063,499.474484,505.090134,499.593028,-5.497105,-118.544765
4.225226,499.199625,504.955609,499.349229,-5.606380,-149.603522
4.238389,498.930724,504.805721,499.110602,-5.695120,-179.878046
4.251552,498.667934,504.640880,498.877185,-5.763695,-209.250895
4.264714,498.411333,504.461536,498.648766,-5.812770,-237.432968
4.277877,498.160926,504.268181,498.424906,-5.843275,-263.979196
4.291040,497.916654,504.061344,498.204979,-5.856364,-288.325440
4.304202,497.678401,503.841591,497.988244,-5.853348,-309.842981
4.317365,497.446005,503.609526,497.773909,-5.835617,-327.904787
4.330528,497.219266,503.365785,497.561223,-5.804562,-341.956250
4.343690,496.997958,503.111035,497.349541,-5.761494,-351.582530
4.356853,496.781836,502.845976,497.138401,-5.707575,-356.565173
4.370016,496.570646,502.571335,496.927568,-5.643767,-356.922036
4.383178,496.364139,502.287866,496.717065,-5.570801,-352.926730
4.396341,496.162077,501.996348,496.507183,-5.489165,-345.106146
4.409504,495.964245,501.697582,496.298462,-5.399120,-334.217057
4.422667,495.770459,501.392387,496.091664,-5.300724,-321.204776
4.435829,495.580575,501.081605,495.887723,-5.193882,-307.148226
4.448992,495.394495,500.766088,495.687692,-5.078396,-293.196561
4.462155,495.212181,500.446705,495.492683,-4.954022,-280.502510
4.475317,495.033651,500.124335,495.303808,-4.820527,-270.157269
4.488480,494.858993,499.799865,495.122124,-4.677741,-263.131001
4.501643,494.688367,499.474189,494.948589,-4.525600,-260.222145
4.514805,494.522004,499.148203,494.784022,-4.364181,-262.017831
4.527968,494.360215,498.822807,494.629082,-4.193725,-268.866861
4.541131,494.203386,498.498896,494.484252,-4.014644,-280.865916
4.554294,494.051983,498.177365,494.349842,-3.827523,-297.858987
4.567456,493.906544,497.859100,494.225993,-3.633107,-319.449291
4.580619,493.767681,497.544980,494.112704,-3.432276,-345.022352
4.593782,493.636076,497.235871,494.009854,-3.226016,-373.778306
4.606944,493.512471,496.932626,493.917243,-3.015384,-404.771027
4.620107,493.397669,496.636085,493.834620,-2.801465,-436.951351
4.633270,493.292519,496.347066,493.761730,-2.585335,-469.211634
4.646432,493.197913,496.066367,493.698342,-2.368025,-500.429084
4.659595,493.114774,495.794766,493.644280,-2.150486,-529.505782
4.672758,493.044049,495.533013,493.599453,-1.933559,-555.404061
4.685921,492.986694,495.281832,493.563871,-1.717961,-577.176672
4.699083,492.943667,495.041919,493.537659,-1.504260,-593.991956
4.712246,492.915912,494.813938,493.521067,-1.292871,-605.154824
4.725409,492.904353,494.598521,493.514477,-1.084043,-610.124527
4.738571,492.909876,494.396263,493.518406,-0.877857,-608.530079
4.751734,492.933321,494.207727,493.533505,-0.674222,-600.183596
4.764897,492.975470,494.033433,493.560561,-0.472873,-585.090981
4.778059,493.037032,493.873867,493.600490,-0.273377,-563.458443
4.791222,493.118637,493.729470,493.654329,-0.075141,-535.692616
4.804385,493.220821,493.600643,493.723213,0.122569,-502.391669
4.817548,493.344020,493.487745,493.808345,0.320601,-464.325110
4.830710,493.488559,493.391088,493.910960,0.519872,-422.400963
4.843873,493.654643,493.310942,494.032264,0.721322,-377.620550
4.857036,493.842352,493.247530,494.173375,0.925845,-331.023085
4.870198,494.051633,493.201027,494.335258,1.134230,-283.624234
4.883361,494.282299,493.171565,494.518653,1.347088,-236.354345
4.896524,494.534019,493.159226,494.724022,1.564795,-190.002909
4.909686,494.806322,493.164046,494.951498,1.787452,-145.175664
4.922849,495.098593,493.186011,495.200863,2.014852,-102.269617
4.936012,495.410074,493.225063,495.471543,2.246480,-61.469251
4.949175,495.739863,493.281094,495.762628,2.481534,-22.764673
4.962337,496.086922,493.353949,496.072912,2.718963,14.010269
4.975500,496.450079,493.443430,496.400955,2.957525,49.124288
4.988663,496.828032,493.549287,496.745146,3.195859,82.885596
5.001825,497.219357,493.671230,497.103780,3.432550,115.576746
5.014988,497.622518,493.808922,497.475123,3.666201,147.394739
5.028151,498.035873,493.961982,497.857470,3.895487,178.403071
5.041313,498.457688,494.129988,498.249187,4.119198,208.500961
5.054476,498.886144,494.312476,498.648731,4.336255,237.413133
5.067639,499.319354,494.508941,499.054652,4.545712,264.701383
5.080801,499.755371,494.718840,499.465574,4.746733,289.796988
5.093964,500.192204,494.941594,499.880153,4.938559,312.051017
5.107127,500.627835,495.176587,500.297038,5.120450,330.797917
5.120290,501.060228,495.423171,500.714801,5.291631,345.426455
5.133452,501.487346,495.680663,501.131894,5.451231,355.451355
5.146615,501.907167,495.948353,501.546588,5.598235,360.578726
5.159778,502.317698,496.225501,501.956939,5.731438,360.758768
5.172940,502.716990,496.511343,502.360770,5.849427,356.220161
5.186103,503.103151,496.805088,502.755669,5.950581,347.482035
5.199266,503.474363,497.105927,503.139022,6.033095,335.341340
5.212428,503.828891,497.413029,503.508056,6.095027,320.835716
5.225591,504.165100,497.725546,503.859916,6.134370,305.184341
5.238754,504.481463,498.042616,504.191751,6.149135,289.711530
5.251917,504.776574,498.363366,504.500814,6.137448,275.759750
5.265079,505.049158,498.686910,504.784558,6.097649,264.599931
5.278242,505.298079,499.012356,505.040732,6.028376,257.347319
5.291405,505.522347,499.338808,505.267457,5.928649,254.890435
5.304567,505.721124,499.665365,505.463285,5.797920,257.839070
5.317730,505.893728,499.991128,505.627233,5.636105,266.494874
5.330893,506.039641,500.315200,505.758796,5.443596,280.845298
5.344055,506.158503,500.636688,505.857925,5.221237,300.578911
5.357218,506.250121,500.954707,505.925003,4.970296,325.117890
5.370381,506.314460,501.268381,505.960798,4.692417,353.662157
5.383544,506.351646,501.576847,505.966407,4.389559,385.239304
5.396706,506.361962,501.879257,505.943207,4.063949,418.755170
5.409869,506.345840,502.174779,505.892798,3.718020,453.041398
5.423032,506.303857,502.462599,505.816959,3.354360,486.898085
5.436194,506.236726,502.741925,505.717595,2.975670,519.131378
5.449357,506.145291,503.011991,505.596704,2.584713,548.587094
5.462520,506.030513,503.272053,505.456331,2.184277,574.182062
5.475682,505.893460,503.521397,505.298526,1.777129,594.934674
5.488845,505.735301,503.759337,505.125306,1.365968,609.995418
5.502008,505.557287,503.985219,504.938610,0.953390,618.677064
5.515171,505.360743,504.198423,504.740260,0.541837,620.483026
5.528333,505.147054,504.398362,504.531922,0.133560,615.131529
5.541496,504.917653,504.584487,504.315081,-0.269407,602.572745
5.554659,504.674007,504.756287,504.091011,-0.665276,582.996080
5.567821,504.417603,504.913290,503.860777,-1.052513,556.825388
5.580984,504.149934,505.055064,503.625233,-1.429830,524.700831
5.594147,503.872492,505.181219,503.385045,-1.796174,487.447365
5.607309,503.586750,505.291408,503.140718,-2.150690,446.031145
5.620472,503.294149,505.385329,502.892643,-2.492686,401.506408
5.633635,502.996095,505.462722,502.641138,-2.821584,354.956432
5.646798,502.693938,505.523375,502.386505,-3.136870,307.432886
5.659960,502.388972,505.567121,502.129074,-3.438047,259.898234
5.673123,502.082419,505.593837,501.869244,-3.724594,213.175787
5.686286,501.775426,505.603451,501.607515,-3.995936,167.911521
5.699448,501.469057,505.595935,501.344506,-4.251429,124.550963
5.712611,501.164286,505.571307,501.080952,-4.490355,83.333282
5.725774,500.861995,505.529635,500.817692,-4.711943,44.303339
5.738936,500.562972,505.471031,500.555631,-4.915401,7.340908
5.752099,500.267904,505.395656,500.295699,-5.099957,-27.795350
5.765262,499.977384,505.303714,500.038797,-5.264917,-61.413069
5.778424,499.691905,505.195457,499.785731,-5.409726,-93.825755
5.791587,499.411866,505.071181,499.537159,-5.534022,-125.292880
5.804750,499.137573,504.931224,499.293540,-5.637684,-155.966938
5.817913,498.869245,504.775970,499.055098,-5.720872,-185.853590
5.831075,498.607016,504.605844,498.821805,-5.784039,-214.789886
5.844238,498.350945,504.421311,498.593388,-5.827923,-242.443765
5.857401,498.101021,504.222877,498.369357,-5.853520,-268.335693
5.870563,497.857172,504.011085,498.149052,-5.862032,-291.880687
5.883726,497.619271,503.786515,497.931717,-5.854798,-312.446481
5.896889,497.387148,503.549783,497.716569,-5.833214,-329.421544
5.910051,497.160598,503.301538,497.502883,-5.798655,-342.285414
5.923214,496.939392,503.042462,497.290066,-5.752396,-350.673579
5.936377,496.723286,502.773264,497.077715,-5.695548,-354.429859
5.949540,496.512030,502.494683,496.865671,-5.629013,-353.640903
5.962702,496.305381,502.207486,496.654031,-5.553455,-348.649619
5.975865,496.103111,501.912459,496.443158,-5.469301,-340.046816
5.989028,495.905018,501.610414,496.233660,-5.376754,-328.642595
6.002190,495.710931,501.302181,496.026352,-5.275830,-315.420917
6.015353,495.520723,500.988608,495.822205,-5.166403,-301.481978
6.028516,495.334318,500.670556,495.622295,-5.048261,-287.977559
6.041678,495.151695,500.348901,495.427739,-4.921162,-276.044498
6.054841,494.972898,500.024528,495.239639,-4.784889,-266.740894
6.068004,494.798039,499.698329,495.059027,-4.639302,-260.988899
6.081167,494.627300,499.371204,494.886827,-4.484377,-259.527034
6.094329,494.460941,499.044054,494.723815,-4.320238,-262.874108
6.107492,494.299298,498.717779,494.570604,-4.147175,-271.305957
6.120655,494.142783,498.393280,494.427629,-3.965651,-284.845476
6.133817,493.991887,498.071451,494.295152,-3.776299,-303.265722
6.146980,493.847172,497.753181,494.173277,-3.579903,-326.105186
6.160143,493.709275,497.439347,494.061969,-3.377378,-352.693711
6.173305,493.578899,497.130816,493.961086,-3.169730,-382.186971
6.186468,493.456806,496.828440,493.870413,-2.958027,-413.607009
6.199631,493.343817,496.533055,493.789703,-2.743352,-445.886056
6.212794,493.240796,496.245476,493.718707,-2.526769,-477.910913
6.225956,493.148648,495.966499,493.657214,-2.309286,-508.565449
6.239119,493.068307,495.696895,493.605076,-2.091819,-536.769322
6.252282,493.000724,495.437411,493.562235,-1.875175,-561.511811
6.265444,492.946859,495.188763,493.528739,-1.660023,-581.880420
6.278607,492.907669,494.951640,493.504753,-1.446887,-597.084656
6.291770,492.884095,494.726699,493.490571,-1.236128,-606.475876
6.304932,492.877052,494.514563,493.486616,-1.027947,-609.564185
6.318095,492.887415,494.315819,493.493448,-0.822371,-606.033105
6.331258,492.916009,494.131020,493.511761,-0.619258,-595.752087
6.344421,492.963597,493.960676,493.542383,-0.418292,-578.786029
6.357583,493.030867,493.805260,493.586267,-0.218993,-555.400074
6.370746,493.118422,493.665204,493.644479,-0.020725,-526.057319
6.383909,493.226770,493.540897,493.718177,0.177280,-491.406867
6.397071,493.356316,493.432683,493.808576,0.375893,-452.260151
6.410234,493.507349,493.340864,493.916904,0.576040,-409.554598
6.423397,493.680039,493.265695,494.044344,0.778649,-364.305401
6.436559,493.874427,493.207385,494.191975,0.984590,-317.548156
6.449722,494.090420,493.166097,494.360697,1.194600,-270.276971
6.462885,494.327787,493.141946,494.551172,1.409226,-223.384060
6.476047,494.586158,493.135000,494.763766,1.628766,-177.607404
6.489210,494.865017,493.145280,494.998509,1.853229,-133.492624
6.502373,495.163704,493.172758,495.255078,2.082320,-91.373849
6.515536,495.481418,493.217359,495.532794,2.315435,-51.376155
6.528698,495.817216,493.278961,495.830656,2.551694,-13.439566
6.541861,496.170017,493.357395,496.147379,2.789984,22.638059
6.555024,496.538607,493.452443,496.481463,3.029020,57.144187
6.568186,496.921647,493.563844,496.831259,3.267415,90.387424
6.581349,497.317675,493.691290,497.195042,3.503752,122.633296
6.594512,497.725121,493.834430,497.571074,3.736644,154.047246
6.607674,498.142313,493.992868,497.957662,3.964794,184.651144
6.620837,498.567485,494.166166,498.353187,4.187022,214.298068
6.634000,498.998797,494.353845,498.756128,4.402283,242.668121
6.647163,499.434336,494.555388,499.165050,4.609662,269.285911
6.660325,499.872140,494.770237,499.578582,4.808345,293.558184
6.673488,500.310204,494.997798,499.995376,4.997578,314.828151
6.686651,500.746499,495.237443,500.414058,5.176614,332.441521
6.699813,501.178984,495.488510,500.833166,5.344655,345.818047
6.712976,501.605620,495.750306,501.251098,5.500792,354.521854
6.726139,502.024389,496.022106,501.666066,5.643959,358.323686
6.739301,502.433306,496.303162,502.076057,5.772895,357.248810
6.752464,502.830431,496.592696,502.478826,5.886130,351.605345
6.765627,503.213890,496.889909,502.871900,5.981991,341.989432
6.778790,503.581882,497.193981,503.252616,6.058635,329.265698
6.791952,503.932697,497.504073,503.618174,6.114100,314.523760
6.805115,504.264726,497.819330,503.965712,6.146382,299.013919
6.818278,504.576472,498.138881,504.292405,6.153524,284.067370
6.831440,504.866563,498.461845,504.595555,6.133711,271.007996
6.844603,505.133760,498.787332,504.872696,6.085364,261.063791
6.857766,505.376963,499.114444,505.121676,6.007232,255.286031
6.870928,505.595222,499.442280,505.340739,5.898459,254.483371
6.884091,505.787742,499.769937,505.528566,5.758629,259.176168
6.897254,505.953885,500.096511,505.684311,5.587800,269.573820
6.910417,506.093174,500.421103,505.807599,5.386496,285.575079
6.923579,506.205295,500.742820,505.898507,5.155686,306.788696
6.936742,506.290098,501.060776,505.957528,4.896752,332.569727
6.949905,506.347591,501.374095,505.985525,4.611431,362.065808
6.963067,506.377945,501.681915,505.983677,4.301762,394.267648
6.976230,506.381482,501.983389,505.953423,3.970034,428.058980
6.989393,506.358675,502.277688,505.896412,3.618724,462.262767
7.002555,506.310139,502.564002,505.814457,3.250455,495.682279
7.015718,506.236625,502.841545,505.709488,2.867943,527.137298
7.028881,506.139008,503.109552,505.583511,2.473959,555.496746
7.042044,506.018280,503.367288,505.438570,2.071282,579.709457
7.055206,505.875537,503.614043,505.276703,1.662660,598.834416
7.068369,505.711973,503.849140,505.099902,1.250762,612.070984
7.081532,505.528859,504.071932,504.910070,0.838139,618.788454
7.094694,505.327538,504.281807,504.708985,0.427178,618.553216
7.107857,505.109410,504.478188,504.498259,0.020071,611.151005
7.121020,504.875918,504.660536,504.279317,-0.381220,596.601363
7.134182,504.628535,504.828350,504.053373,-0.774977,575.161643
7.147345,504.368751,504.981169,503.821433,-1.159736,547.318562
7.160508,504.098061,505.118572,503.584295,-1.534277,513.766348
7.173670,503.817951,505.240181,503.342580,-1.897602,475.371832
7.186833,503.529887,505.345663,503.096759,-2.248904,433.128111
7.199996,503.235302,505.434727,502.847203,-2.587525,388.099655
7.213159,502.935587,505.507128,502.594224,-2.912904,341.362651
7.226321,502.632077,505.562667,502.338132,-3.224535,293.945024
7.239484,502.326047,505.601190,502.079277,-3.521913,246.770787
7.252647,502.018701,505.622590,501.818088,-3.804502,200.613208
7.265809,501.711162,505.626808,501.555101,-4.071707,156.060697
7.278972,501.404470,505.613831,501.290972,-4.322859,113.498409
7.292135,501.099576,505.583693,501.026469,-4.557224,73.107335
7.305297,500.797337,505.536477,500.762456,-4.774021,34.881220
7.318460,500.498513,505.472310,500.499853,-4.972457,-1.339930
7.331623,500.203767,505.391367,500.239590,-5.151778,-35.822578
7.344786,499.913665,505.293869,499.982548,-5.311322,-68.882907
7.357948,499.628675,505.180083,499.729501,-5.450582,-100.826114
7.371111,499.349172,505.050318,499.481060,-5.569259,-131.887972
7.384274,499.075438,504.904930,499.237623,-5.667307,-162.185081
7.397436,498.807672,504.744317,498.999351,-5.744966,-191.679671
7.410599,498.545987,504.568918,498.766151,-5.802767,-220.163484
7.423762,498.290427,504.379213,498.537690,-5.841523,-247.263354
7.436924,498.040963,504.175722,498.313431,-5.862290,-272.468612
7.450087,497.797511,503.959002,498.092689,-5.866313,-295.177884
7.463250,497.559934,503.729646,497.874695,-5.854952,-314.760431
7.476413,497.328055,503.488285,497.658681,-5.829604,-330.625331
7.489575,497.101666,503.235579,497.443956,-5.791623,-342.290846
7.502738,496.880534,502.972222,497.229980,-5.742242,-349.446315
7.515901,496.664417,502.698936,497.016417,-5.682520,-351.999935
7.529063,496.453071,502.416472,496.803178,-5.613294,-350.107617
7.542226,496.246259,502.125605,496.590440,-5.535165,-344.180403
7.555389,496.043765,501.827134,496.378636,-5.448499,-334.870352
7.568551,495.845398,501.521880,496.168435,-5.353444,-323.037017
7.581714,495.651003,501.210680,495.960702,-5.249978,-309.698290
7.594877,495.460472,500.894391,495.756443,-5.137948,-295.970469
7.608040,495.273748,500.573883,495.556750,-5.017133,-283.002743
7.621202,495.090831,500.250038,495.362742,-4.887296,-271.911128
7.634365,494.911789,499.923746,495.175505,-4.748241,-263.716281
7.647528,494.736757,499.595907,494.996046,-4.599861,-259.288802
7.660690,494.565945,499.267423,494.825249,-4.442174,-259.304726
7.673853,494.399636,498.939200,494.663849,-4.275351,-264.213028
7.687016,494.238193,498.612141,494.512409,-4.099732,-274.216160
7.700178,494.082055,498.287149,494.371318,-3.915831,-289.263885
7.713341,493.931735,497.965121,494.240795,-3.724326,-309.059978
7.726504,493.787823,497.646943,494.120904,-3.526040,-333.080713
7.739667,493.650977,497.333496,494.011581,-3.321915,-360.603441
7.752829,493.521921,497.025644,493.912664,-3.112979,-390.743032
7.765992,493.401439,496.724237,493.823933,-2.900304,-422.493584
7.779155,493.290366,496.430108,493.745138,-2.684970,-454.772613
7.792317,493.189582,496.144071,493.676047,-2.468024,-486.465055
7.805480,493.100004,495.866915,493.616469,-2.250447,-516.464767
7.818643,493.022574,495.599408,493.566286,-2.033123,-543.711866
7.831805,492.958248,495.342290,493.525473,-1.816817,-567.224979
7.844968,492.907989,495.096271,493.494117,-1.602154,-586.128317
7.858131,492.872752,494.862034,493.472426,-1.389608,-599.674128
7.871293,492.853473,494.640227,493.460734,-1.179492,-607.261481
7.884456,492.851057,494.431463,493.459510,-0.971954,-608.452336
